index,link
0,https://assetscdn1.paytm.com/images/catalog/product/A/AP/APPKUONS-AVENUEANKI216586EC3F309/1563060962563_0..jpg?imwidth=282&impolicy=hq
1,https://assetscdn1.paytm.com/images/catalog/product/A/AP/APPRG-DESIGNERSRAJ-14891169C6CF36/1563090638985_0..jpg?imwidth=282&impolicy=hq
2,https://assetscdn1.paytm.com/images/catalog/product/A/AP/APPNAWAB-SAHEB-GLOB95984094717B82/1562969628436_0..jpg?imwidth=282&impolicy=hq
3,https://assetscdn1.paytm.com/images/catalog/product/A/AP/APPIRIN-DESIGNEFOUR279225FB0ED81F/1562830553202_1..jpg?imwidth=282&impolicy=hq
4,https://assetscdn1.paytm.com/images/catalog/product/A/AP/APPINDIAN-ATTIRFOUR2792258CF60789/1562831292255_1..jpg?imwidth=282&impolicy=hq
5,https://assetscdn1.paytm.com/images/catalog/product/A/AP/APPMEN-S-LUXURYMR-T1787782C0EB1FB/1562766891173_0..jpg?imwidth=282&impolicy=hq
6,https://assetscdn1.paytm.com/images/catalog/product/A/AP/APPNEWLADIESZONNEW-311256CD33CF6/1562751660919_0.jpg?imwidth=282&impolicy=hq
7,https://assetscdn1.paytm.com/images/catalog/product/A/AP/APPLARWA-WHITE-VINP2424748322D49/1562756585234_0.jpeg?imwidth=282&impolicy=hq
8,https://assetscdn1.paytm.com/images/catalog/product/A/AP/APPRG-DESIGNERSRAJ-148911498B1B1D/1563015929942_0..jpg?imwidth=282&impolicy=hq
9,https://assetscdn1.paytm.com/images/catalog/product/A/AP/APPNAWAB-SAHEB-GLOB95984012639980/1563057633474_0..jpg?imwidth=282&impolicy=hq
10,https://assetscdn1.paytm.com/images/catalog/product/A/AP/APPMEN-S-LUXURYMR-T178778EE568D8A/1562766873706_0..jpg?imwidth=282&impolicy=hq
11,https://assetscdn1.paytm.com/images/catalog/product/A/AP/APPRG-DESIGNERSRAJ-14891130248A24/1562996657268_0..jpg?imwidth=282&impolicy=hq
12,https://assetscdn1.paytm.com/images/catalog/product/A/AP/APPNAWAB-SAHEB-GLOB95984022268D0E/1562946187385_0..jpg?imwidth=282&impolicy=hq
13,https://assetscdn1.paytm.com/images/catalog/product/A/AP/APPROYAL-KURTA-MR-T1787782305B274/1562761297263_0..jpg?imwidth=282&impolicy=hq
14,https://assetscdn1.paytm.com/images/catalog/product/A/AP/APPROYAL-MEN-S-MR-T1787787C82E0BF/1562774396788_0..jpg?imwidth=282&impolicy=hq
15,https://assetscdn1.paytm.com/images/catalog/product/A/AP/APPRG-DESIGNERSRAJ-1489116260B6C1/1562774523233_0..jpg?imwidth=282&impolicy=hq
16,https://assetscdn1.paytm.com/images/catalog/product/A/AP/APPRG-DESIGNERSRAJ-1489111D936EB4/1562774584213_0..jpg?imwidth=282&impolicy=hq
17,https://assetscdn1.paytm.com/images/catalog/product/A/AP/APPROYAL-MENS-DMEHT370617370AE5E/1562760887621_0..jpg?imwidth=282&impolicy=hq
18,https://assetscdn1.paytm.com/images/catalog/product/A/AP/APPMEN-S-LUXURYMR-T1787788FD76B72/1562766938669_0..jpg?imwidth=282&impolicy=hq
19,https://assetscdn1.paytm.com/images/catalog/product/A/AP/APPRG-DESIGNERSRAJ-1489111C0A24C7/1563091124413_0..jpg?imwidth=282&impolicy=hq
20,https://assetscdn1.paytm.com/images/catalog/product/A/AP/APPROYAL-MENS-DMEHT370611941BFC9/1562761010692_0..jpg?imwidth=282&impolicy=hq
21,https://assetscdn1.paytm.com/images/catalog/product/A/AP/APPROYAL-MENS-DMEHT370614411EF68/1562760865137_0..jpg?imwidth=282&impolicy=hq
22,https://assetscdn1.paytm.com/images/catalog/product/A/AP/APPROYAL-KURTA-MR-T1787783F1C0E69/1562804414463_1..jpg?imwidth=282&impolicy=hq
23,https://assetscdn1.paytm.com/images/catalog/product/A/AP/APPMEN-S-LUXURYMR-T17877813E1AD96/1562766890466_0..jpg?imwidth=282&impolicy=hq
24,https://assetscdn1.paytm.com/images/catalog/product/A/AP/APPROYAL-MEN-S-MEHT370617A5FD739/1562785073748_1..jpg?imwidth=282&impolicy=hq
25,https://assetscdn1.paytm.com/images/catalog/product/A/AP/APPROYAL-MEN-S-MR-T178778E3038387/1562771797765_0..jpg?imwidth=282&impolicy=hq
26,https://assetscdn1.paytm.com/images/catalog/product/A/AP/APPROYAL-MEN-S-MEHT3706146674AE1/1562760863058_0..jpg?imwidth=282&impolicy=hq
27,https://assetscdn1.paytm.com/images/catalog/product/A/AP/APPROYAL-MEN-S-MR-T178778CFA344EC/1562763082499_0..jpg?imwidth=282&impolicy=hq
28,https://assetscdn1.paytm.com/images/catalog/product/A/AP/APPMEN-S-LUXURYMR-T17877843D8F5BB/1562766973250_0..jpg?imwidth=282&impolicy=hq
29,https://assetscdn1.paytm.com/images/catalog/product/A/AP/APPROYAL-KURTA-MR-T1787783ED51BEB/1562804397463_1..jpg?imwidth=282&impolicy=hq
30,https://assetscdn1.paytm.com/images/catalog/product/A/AP/APPROYAL-MEN-S-MR-T178778F1BB783/1562774324530_0..jpg?imwidth=282&impolicy=hq
31,https://assetscdn1.paytm.com/images/catalog/product/A/AP/APPROYAL-KURTA-MR-T178778FF9B5D4D/1562903488874_1..jpeg?imwidth=282&impolicy=hq
32,https://assetscdn1.paytm.com/images/catalog/product/A/AP/APPROYAL-KURTA-MR-T178778A6431955/1562804376863_1..jpg?imwidth=282&impolicy=hq
33,https://assetscdn1.paytm.com/images/catalog/product/A/AP/APPNAWAB-SAHEB-GLOB959840BE2B0920/0..jpg?imwidth=282&impolicy=hq
34,https://assetscdn1.paytm.com/images/catalog/product/A/AP/APPRG-DESIGNERSRAJ-148911E3E64D1B/1562998363300_0..jpg?imwidth=282&impolicy=hq
35,https://assetscdn1.paytm.com/images/catalog/product/A/AP/APPROYAL-MEN-S-MR-T1787788EEA15CB/1562774422463_0..jpg?imwidth=282&impolicy=hq
36,https://assetscdn1.paytm.com/images/catalog/product/A/AP/APPMEN-S-DESIGNMR-T1787782EDFF079/1562767085834_0..jpg?imwidth=282&impolicy=hq
37,https://assetscdn1.paytm.com/images/catalog/product/A/AP/APPNAWAB-SAHEB-GLOB959840AA9D1A65/1563062791067_0..jpg?imwidth=282&impolicy=hq
38,https://assetscdn1.paytm.com/images/catalog/product/A/AP/APPROYAL-MEN-S-MEHT37061929C5E61/1562767301887_0..jpg?imwidth=282&impolicy=hq
39,https://assetscdn1.paytm.com/images/catalog/product/A/AP/APPROYAL-KURTA-MEHT3706114AC7838/1562916628718_0..jpg?imwidth=282&impolicy=hq
40,https://assetscdn1.paytm.com/images/catalog/product/A/AP/APPNAWAB-SAHEB-GLOB9598409F59FFE7/1562946444658_0..jpg?imwidth=282&impolicy=hq
41,https://assetscdn1.paytm.com/images/catalog/product/A/AP/APPROYAL-MEN-S-MR-T1787782532B0E2/1562771772110_0..jpg?imwidth=282&impolicy=hq
42,https://assetscdn1.paytm.com/images/catalog/product/A/AP/APPROYAL-MEN-S-MEHT370617F29E133/1562767298270_0..jpg?imwidth=282&impolicy=hq
43,https://assetscdn1.paytm.com/images/catalog/product/A/AP/APPMEN-S-LUXURYMR-T178778D56350F2/1562766941500_0..jpg?imwidth=282&impolicy=hq
44,https://assetscdn1.paytm.com/images/catalog/product/A/AP/APPROYAL-MEN-S-MEHT370619F39D58/1562767294228_0..jpg?imwidth=282&impolicy=hq
45,https://assetscdn1.paytm.com/images/catalog/product/A/AP/APPROYAL-MEN-S-MR-T17877871E2BBCF/1562763147766_0..jpg?imwidth=282&impolicy=hq
46,https://assetscdn1.paytm.com/images/catalog/product/A/AP/APPROYAL-KURTA-MEHT37061363831BD/1562804235334_1..jpg?imwidth=282&impolicy=hq
47,https://assetscdn1.paytm.com/images/catalog/product/A/AP/APPRG-DESIGNERSRAJ-148911C0563382/1562996655387_0..jpg?imwidth=282&impolicy=hq
48,https://assetscdn1.paytm.com/images/catalog/product/A/AP/APPROYAL-MEN-S-MEHT37061CCA863FE/1562785033746_1..jpg?imwidth=282&impolicy=hq
49,https://assetscdn1.paytm.com/images/catalog/product/A/AP/APPROYAL-MEN-S-MEHT3706178B8493E/1562768042385_2..jpg?imwidth=282&impolicy=hq
50,https://assetscdn1.paytm.com/images/catalog/product/A/AP/APPROYAL-KURTA-MR-T178778D2C42680/1562804405073_1..jpg?imwidth=282&impolicy=hq
51,https://assetscdn1.paytm.com/images/catalog/product/A/AP/APPROYAL-MEN-S-MEHT3706110DFB62D/1562785274730_1..jpg?imwidth=282&impolicy=hq
52,https://assetscdn1.paytm.com/images/catalog/product/A/AP/APPROYAL-MEN-S-MEHT37061E4F90F6/1562785217321_1..jpg?imwidth=282&impolicy=hq
53,https://assetscdn1.paytm.com/images/catalog/product/A/AP/APPROYAL-KURTA-MR-T178778429745FB/1562804773458_1..jpg?imwidth=282&impolicy=hq
54,https://assetscdn1.paytm.com/images/catalog/product/A/AP/APPROYAL-MEN-S-MR-T17877837E9473F/1562771815355_0..jpg?imwidth=282&impolicy=hq
55,https://assetscdn1.paytm.com/images/catalog/product/A/AP/APPROYAL-KURTA-MEHT370617242CFCE/1562916744332_0..jpg?imwidth=282&impolicy=hq
56,https://assetscdn1.paytm.com/images/catalog/product/A/AP/APPROYAL-MEN-S-MEHT370614CEC2F0B/1562785288310_1..jpg?imwidth=282&impolicy=hq
57,https://assetscdn1.paytm.com/images/catalog/product/A/AP/APPMEN-S-LUXURYMR-T178778731EF38A/1562767031897_0..jpg?imwidth=282&impolicy=hq
58,https://assetscdn1.paytm.com/images/catalog/product/A/AP/APPMEN-S-LUXURYMR-T17877839463CB/1562766939122_0..jpg?imwidth=282&impolicy=hq
59,https://assetscdn1.paytm.com/images/catalog/product/A/AP/APPMEN-S-LUXURYMR-T178778ACC2582F/1562766937965_0..jpg?imwidth=282&impolicy=hq
60,https://assetscdn1.paytm.com/images/catalog/product/A/AP/APPMEN-S-DESIGNMR-T178778BAC99CFA/1562766904019_0..jpg?imwidth=282&impolicy=hq
61,https://assetscdn1.paytm.com/images/catalog/product/A/AP/APPMEN-S-DESIGNMR-T1787785149FC0B/1562767058308_0..jpg?imwidth=282&impolicy=hq
62,https://assetscdn1.paytm.com/images/catalog/product/A/AP/APPROYAL-MEN-S-MEHT370611C6179B7/1562760864838_0..jpg?imwidth=282&impolicy=hq
63,https://assetscdn1.paytm.com/images/catalog/product/A/AP/APPMEN-S-LUXURYMR-T17877829392E3/1562766971102_0..jpg?imwidth=282&impolicy=hq
64,https://assetscdn1.paytm.com/images/catalog/product/A/AP/APPROYAL-MEN-S-MEHT37061E4F90F6/1562785217321_1..jpg?imwidth=282&impolicy=hq
65,https://assetscdn1.paytm.com/images/catalog/product/A/AP/APPRG-DESIGNERSRAJ-14891115D9F29B/1562774343912_0..jpg?imwidth=282&impolicy=hq
66,https://assetscdn1.paytm.com/images/catalog/product/A/AP/APPRG-DESIGNERSRAJ-148911FEC3A85D/1562774453762_0..jpg?imwidth=282&impolicy=hq
67,https://assetscdn1.paytm.com/images/catalog/product/A/AP/APPROYAL-MEN-S-MR-T17877889601365/1562767429571_0..jpg?imwidth=282&impolicy=hq
68,https://assetscdn1.paytm.com/images/catalog/product/A/AP/APPROYAL-MEN-S-MEHT37061A4337021/1562767978165_2..jpg?imwidth=282&impolicy=hq
69,https://assetscdn1.paytm.com/images/catalog/product/A/AP/APPROYAL-KURTA-MEHT37061471636D3/1562916510503_0..jpg?imwidth=282&impolicy=hq
70,https://assetscdn1.paytm.com/images/catalog/product/A/AP/APPROYAL-MEN-S-MR-T178778882C09AB/1562771805978_0..jpg?imwidth=282&impolicy=hq
71,https://assetscdn1.paytm.com/images/catalog/product/A/AP/APPMEN-S-LUXURYMR-T178778703108AF/1562766986723_0..jpg?imwidth=282&impolicy=hq
72,https://assetscdn1.paytm.com/images/catalog/product/A/AP/APPROYAL-MEN-S-MEHT370611F0B9C00/1562785497084_1..jpg?imwidth=282&impolicy=hq
73,https://assetscdn1.paytm.com/images/catalog/product/A/AP/APPMEN-S-LUXURYMR-T178778ACC2582F/1562766937965_0..jpg?imwidth=282&impolicy=hq
74,https://assetscdn1.paytm.com/images/catalog/product/A/AP/APPMEN-S-LUXURYMR-T178778731EF38A/1562767031897_0..jpg?imwidth=282&impolicy=hq
75,https://assetscdn1.paytm.com/images/catalog/product/A/AP/APPROYAL-MEN-S-MEHT370614CEC2F0B/1562785288310_1..jpg?imwidth=282&impolicy=hq
76,https://assetscdn1.paytm.com/images/catalog/product/A/AP/APPROYAL-MEN-S-MR-T178778B66088B8/1562771834229_0..jpg?imwidth=282&impolicy=hq
77,https://assetscdn1.paytm.com/images/catalog/product/A/AP/APPMEN-S-LUXURYMR-T17877839463CB/1562766939122_0..jpg?imwidth=282&impolicy=hq
78,https://assetscdn1.paytm.com/images/catalog/product/A/AP/APPROYAL-MEN-S-MEHT37061C6EF7DBC/1562760887629_0..jpg?imwidth=282&impolicy=hq
79,https://assetscdn1.paytm.com/images/catalog/product/A/AP/APPROYAL-MEN-S-MR-T17877874F77C58/1562771777185_0..jpg?imwidth=282&impolicy=hq
80,https://assetscdn1.paytm.com/images/catalog/product/A/AP/APPROYAL-MENS-DMEHT370611C33E8D1/1562760941874_0..jpg?imwidth=282&impolicy=hq
81,https://assetscdn1.paytm.com/images/catalog/product/A/AP/APPMEN-S-LUXURYMR-T1787788F045FA1/1562767058808_0..jpg?imwidth=282&impolicy=hq
82,https://assetscdn1.paytm.com/images/catalog/product/A/AP/APPMEN-S-LUXURYMR-T178778D90A1DD1/1562766924686_0..jpg?imwidth=282&impolicy=hq
83,https://assetscdn1.paytm.com/images/catalog/product/A/AP/APPROYAL-MEN-S-MEHT37061B11F8865/1562760986146_0..jpg?imwidth=282&impolicy=hq
84,https://assetscdn1.paytm.com/images/catalog/product/A/AP/APPROYAL-KURTA-MEHT370615A8F6ED4/1562804160690_1..jpg?imwidth=282&impolicy=hq
85,https://assetscdn1.paytm.com/images/catalog/product/A/AP/APPROYAL-KURTA-MR-T178778D73898E6/1562804567398_1..jpg?imwidth=282&impolicy=hq
86,https://assetscdn1.paytm.com/images/catalog/product/A/AP/APPMEN-S-LUXURYMR-T178778A4C1F438/1562766987100_0..jpg?imwidth=282&impolicy=hq
87,https://assetscdn1.paytm.com/images/catalog/product/A/AP/APPROYAL-MENS-DMEHT37061D40D381F/1562760984486_0..jpg?imwidth=282&impolicy=hq
88,https://assetscdn1.paytm.com/images/catalog/product/A/AP/APPROYAL-KURTA-MR-T1787781C529C6/1562804466029_1..jpg?imwidth=282&impolicy=hq
89,https://assetscdn1.paytm.com/images/catalog/product/A/AP/APPROYAL-MEN-S-MEHT3706111623C5C/1562760840406_0..jpg?imwidth=282&impolicy=hq
90,https://assetscdn1.paytm.com/images/catalog/product/A/AP/APPMEN-S-LUXURYMR-T1787786257CCBF/1562766853672_0..jpg?imwidth=282&impolicy=hq
91,https://assetscdn1.paytm.com/images/catalog/product/A/AP/APPMEN-S-LUXURYMR-T178778D7FC8248/1562767069317_0..jpg?imwidth=282&impolicy=hq
92,https://assetscdn1.paytm.com/images/catalog/product/A/AP/APPMEN-S-LUXURYMR-T178778A3E551D/1562767028702_0..jpg?imwidth=282&impolicy=hq
93,https://assetscdn1.paytm.com/images/catalog/product/A/AP/APPROYAL-MENS-DMEHT370613B4C1061/1562761008228_0..jpg?imwidth=282&impolicy=hq
94,https://assetscdn1.paytm.com/images/catalog/product/A/AP/APPROYAL-MEN-S-MR-T178778125B10B0/1562771821915_0..jpg?imwidth=282&impolicy=hq
95,https://assetscdn1.paytm.com/images/catalog/product/A/AP/APPROYAL-MENS-DMEHT37061F984CF71/1562760937877_0..jpg?imwidth=282&impolicy=hq
96,https://assetscdn1.paytm.com/images/catalog/product/A/AP/APPROYAL-MENS-DMEHT3706130E06789/1562760932590_0..jpg?imwidth=282&impolicy=hq
97,https://assetscdn1.paytm.com/images/catalog/product/A/AP/APPNEWLADIESZONNEW-3112561C1104C/1562751634921_0.jpg?imwidth=282&impolicy=hq
98,https://assetscdn1.paytm.com/images/catalog/product/A/AP/APPAMORA-DESIGNFOUR2792259F185750/1562831963829_1..jpg?imwidth=282&impolicy=hq
99,https://assetscdn1.paytm.com/images/catalog/product/A/AP/APPRG-DESIGNERSRAJ-14891140222511/1562996356915_0..jpg?imwidth=282&impolicy=hq
100,https://assetscdn1.paytm.com/images/catalog/product/A/AP/APPROYAL-KURTA-MEHT37061FEE7DC26/1562916752405_0..jpg?imwidth=282&impolicy=hq
101,https://assetscdn1.paytm.com/images/catalog/product/A/AP/APPRG-DESIGNERSRAJ-148911DC004FB6/1562997009074_0..jpg?imwidth=282&impolicy=hq
102,https://assetscdn1.paytm.com/images/catalog/product/A/AP/APPMEN-S-LUXURYMR-T178778DFEF7746/1562766880079_0..jpg?imwidth=282&impolicy=hq
103,https://assetscdn1.paytm.com/images/catalog/product/A/AP/APPROYAL-MEN-S-MR-T178778A3812B63/1562763134344_0..jpg?imwidth=282&impolicy=hq
104,https://assetscdn1.paytm.com/images/catalog/product/A/AP/APPROYAL-DESIGNMR-T178778F1D546AE/1562765589218_0..jpg?imwidth=282&impolicy=hq
105,https://assetscdn1.paytm.com/images/catalog/product/A/AP/APPROYAL-MENS-DMEHT3706124E4E49D/1562760969659_0..jpg?imwidth=282&impolicy=hq
106,https://assetscdn1.paytm.com/images/catalog/product/A/AP/APPROYAL-MENS-DMEHT3706147238C93/1562761044960_0..jpg?imwidth=282&impolicy=hq
107,https://assetscdn1.paytm.com/images/catalog/product/A/AP/APPROYAL-MENS-DMEHT37061700CECEA/1562761033568_0..jpg?imwidth=282&impolicy=hq
108,https://assetscdn1.paytm.com/images/catalog/product/A/AP/APPMEN-S-LUXURYMR-T17877813E6EDCD/1562767000578_0..jpg?imwidth=282&impolicy=hq
109,https://assetscdn1.paytm.com/images/catalog/product/A/AP/APPMEN-S-LUXURYMR-T178778CF014799/1562767106014_0..jpg?imwidth=282&impolicy=hq
110,https://assetscdn1.paytm.com/images/catalog/product/A/AP/APPROYAL-MEN-S-MR-T178778435CD5CF/1562771824103_0..jpg?imwidth=282&impolicy=hq
111,https://assetscdn1.paytm.com/images/catalog/product/A/AP/APPROYAL-KURTA-MEHT370612E8593AB/1562916481777_0..jpg?imwidth=282&impolicy=hq
112,https://assetscdn1.paytm.com/images/catalog/product/A/AP/APPROYAL-MEN-S-MEHT370616FEF9696/1562785072654_1..jpg?imwidth=282&impolicy=hq
113,https://assetscdn1.paytm.com/images/catalog/product/A/AP/APPROYAL-DESIGNMR-T178778C44BF1C7/1562765600839_0..jpg?imwidth=282&impolicy=hq
114,https://assetscdn1.paytm.com/images/catalog/product/A/AP/APPROYAL-KURTA-MEHT3706148EAF485/1562916382649_0..jpg?imwidth=282&impolicy=hq
115,https://assetscdn1.paytm.com/images/catalog/product/A/AP/APPROYAL-MEN-S-MR-T1787783991B83B/1562767530141_0..jpg?imwidth=282&impolicy=hq
116,https://assetscdn1.paytm.com/images/catalog/product/A/AP/APPROYAL-MEN-S-MR-T178778496FED3B/1562774355009_0..jpg?imwidth=282&impolicy=hq
117,https://assetscdn1.paytm.com/images/catalog/product/A/AP/APPMEN-S-LUXURYMR-T1787788581316F/1562767031699_0..jpg?imwidth=282&impolicy=hq
118,https://assetscdn1.paytm.com/images/catalog/product/A/AP/APPROYAL-MEN-S-MEHT3706193D03564/1562767969100_2..jpg?imwidth=282&impolicy=hq
119,https://assetscdn1.paytm.com/images/catalog/product/A/AP/APPROYAL-DESIGNMR-T178778CCB0DE8F/1562765553987_0..jpg?imwidth=282&impolicy=hq
120,https://assetscdn1.paytm.com/images/catalog/product/A/AP/APPROYAL-MEN-S-MR-T178778C8E5D72B/1562763127889_0..jpg?imwidth=282&impolicy=hq
121,https://assetscdn1.paytm.com/images/catalog/product/A/AP/APPROYAL-MENS-DMEHT37061897D0D7E/1562760973368_0..jpg?imwidth=282&impolicy=hq
122,https://assetscdn1.paytm.com/images/catalog/product/A/AP/APPROYAL-MEN-S-MR-T1787786790FCAD/1562774334088_0..jpg?imwidth=282&impolicy=hq
123,https://assetscdn1.paytm.com/images/catalog/product/A/AP/APPROYAL-MEN-S-MR-T17877887F2AE75/1562767398957_0..jpg?imwidth=282&impolicy=hq
124,https://assetscdn1.paytm.com/images/catalog/product/A/AP/APPROYAL-DESIGNMEHT37061E6904BAA/1562763685583_0..jpg?imwidth=282&impolicy=hq
125,https://assetscdn1.paytm.com/images/catalog/product/A/AP/APPROYAL-DESIGNMR-T1787781F6035E2/1562765541159_0..jpg?imwidth=282&impolicy=hq
126,https://assetscdn1.paytm.com/images/catalog/product/A/AP/APPROYAL-KURTA-MEHT37061799B73A9/1562804159926_1..jpg?imwidth=282&impolicy=hq
127,https://assetscdn1.paytm.com/images/catalog/product/A/AP/APPROYAL-MENS-DMEHT370611F25FD3A/1562760973470_0..jpg?imwidth=282&impolicy=hq
128,https://assetscdn1.paytm.com/images/catalog/product/A/AP/APPROYAL-MENS-DMEHT370611F25FD3A/1562760973470_0..jpg?imwidth=282&impolicy=hq
129,https://assetscdn1.paytm.com/images/catalog/product/A/AP/APPROYAL-MEN-S-MR-T178778EDEF787B/1562767367289_0..jpg?imwidth=282&impolicy=hq
130,https://assetscdn1.paytm.com/images/catalog/product/A/AP/APPROYAL-KURTA-MEHT370614129C1DA/1562916505280_0..jpg?imwidth=282&impolicy=hq
131,https://assetscdn1.paytm.com/images/catalog/product/A/AP/APPMEN-S-LUXURYMR-T17877832F4CB2/1562766953112_0..jpg?imwidth=282&impolicy=hq
132,https://assetscdn1.paytm.com/images/catalog/product/A/AP/APPROYAL-KURTA-MEHT370615DC11951/1562916845909_0..jpg?imwidth=282&impolicy=hq
133,https://assetscdn1.paytm.com/images/catalog/product/A/AP/APPETHICULTURE-MEHT37061D1BA8B48/1562750419384_0.jpg?imwidth=282&impolicy=hq
134,https://assetscdn1.paytm.com/images/catalog/product/A/AP/APPROYAL-KURTA-MEHT37061FDC4583B/1562916727882_0..jpg?imwidth=282&impolicy=hq
135,https://assetscdn1.paytm.com/images/catalog/product/A/AP/APPMEN-S-LUXURYMR-T178778948A66B7/1562766956498_0..jpg?imwidth=282&impolicy=hq
136,https://assetscdn1.paytm.com/images/catalog/product/A/AP/APPMEN-S-LUXURYMR-T1787789B210B0A/1562767030502_0..jpg?imwidth=282&impolicy=hq
137,https://assetscdn1.paytm.com/images/catalog/product/A/AP/APPROYAL-MEN-S-MEHT37061267FD36F/1562785210129_1..jpg?imwidth=282&impolicy=hq
138,https://assetscdn1.paytm.com/images/catalog/product/A/AP/APPROYAL-MEN-S-MEHT37061147F258D/1562760984239_0..jpg?imwidth=282&impolicy=hq
139,https://assetscdn1.paytm.com/images/catalog/product/A/AP/APPROYAL-MEN-S-MEHT37061E1008265/1562785176477_1..jpg?imwidth=282&impolicy=hq
140,https://assetscdn1.paytm.com/images/catalog/product/A/AP/APPMEN-S-LUXURYMR-T1787785BF248B7/1562766871215_0..jpg?imwidth=282&impolicy=hq
141,https://assetscdn1.paytm.com/images/catalog/product/A/AP/APPMEN-S-DESIGNMR-T17877846617BF5/1562767147549_0..jpg?imwidth=282&impolicy=hq
142,https://assetscdn1.paytm.com/images/catalog/product/A/AP/APPROYAL-KURTA-MR-T1787784C82A089/1562761277695_0..jpg?imwidth=282&impolicy=hq
143,https://assetscdn1.paytm.com/images/catalog/product/A/AP/APPROYAL-KURTA-MR-T17877811B67A7A/1562804522752_1..jpg?imwidth=282&impolicy=hq
144,https://assetscdn1.paytm.com/images/catalog/product/A/AP/APPROYAL-KURTA-MR-T1787781074BBE5/1562804459804_1..jpg?imwidth=282&impolicy=hq
145,https://assetscdn1.paytm.com/images/catalog/product/A/AP/APPMEN-S-LUXURYMR-T178778B420A716/1562766977029_0..jpg?imwidth=282&impolicy=hq
146,https://assetscdn1.paytm.com/images/catalog/product/A/AP/APPMEN-S-LUXURYMR-T17877877F6311A/1562766959044_0..jpg?imwidth=282&impolicy=hq
147,https://assetscdn1.paytm.com/images/catalog/product/A/AP/APPROYAL-KURTA-MEHT370615D07D86B/1562916382324_0..jpg?imwidth=282&impolicy=hq
148,https://assetscdn1.paytm.com/images/catalog/product/A/AP/APPMEN-S-LUXURYMR-T17877837DD7348/1562767068031_0..jpg?imwidth=282&impolicy=hq
149,https://assetscdn1.paytm.com/images/catalog/product/A/AP/APPROYAL-MEN-S-MR-T178778C60837FE/1562771768947_0..jpg?imwidth=282&impolicy=hq
150,https://assetscdn1.paytm.com/images/catalog/product/A/AP/APPROYAL-KURTA-MEHT3706147E67F92/1562916547194_0..jpg?imwidth=282&impolicy=hq
151,https://assetscdn1.paytm.com/images/catalog/product/A/AP/APPROYAL-MEN-S-MEHT370614F8133A0/1562760889066_0..jpg?imwidth=282&impolicy=hq
152,https://assetscdn1.paytm.com/images/catalog/product/A/AP/APPROYAL-KURTA-MEHT37061A4B957DA/1562804250412_1..jpg?imwidth=282&impolicy=hq
153,https://assetscdn1.paytm.com/images/catalog/product/A/AP/APPMEN-S-LUXURYMR-T17877878CB716/1562766888943_0..jpg?imwidth=282&impolicy=hq
154,https://assetscdn1.paytm.com/images/catalog/product/A/AP/APPROYAL-KURTA-MEHT3706124647C50/1562804306906_1..jpg?imwidth=282&impolicy=hq
155,https://assetscdn1.paytm.com/images/catalog/product/A/AP/APPROYAL-MENS-DMEHT37061D5D63A2F/1562760940007_0..jpg?imwidth=282&impolicy=hq
156,https://assetscdn1.paytm.com/images/catalog/product/A/AP/APPROYAL-DESIGNMR-T17877839F5825C/1562767529248_0..jpg?imwidth=282&impolicy=hq
157,https://assetscdn1.paytm.com/images/catalog/product/A/AP/APPROYAL-MEN-S-MR-T1787785155952C/1562763189065_0..jpg?imwidth=282&impolicy=hq
158,https://assetscdn1.paytm.com/images/catalog/product/A/AP/APPROYAL-KURTA-MEHT3706191F56AAF/1562804085786_1..jpg?imwidth=282&impolicy=hq
159,https://assetscdn1.paytm.com/images/catalog/product/A/AP/APPROYAL-KURTA-MEHT370611FC0BC17/1562916232816_0..jpg?imwidth=282&impolicy=hq
160,https://assetscdn1.paytm.com/images/catalog/product/A/AP/APPROYAL-KURTA-MEHT3706124647C50/1562804306906_1..jpg?imwidth=282&impolicy=hq
161,https://assetscdn1.paytm.com/images/catalog/product/A/AP/APPROYAL-KURTA-MEHT37061FDC4583B/1562916727882_0..jpg?imwidth=282&impolicy=hq
162,https://assetscdn1.paytm.com/images/catalog/product/A/AP/APPROYAL-MEN-S-MR-T1787787C028A07/1562774306431_0..jpg?imwidth=282&impolicy=hq
163,https://assetscdn1.paytm.com/images/catalog/product/A/AP/APPROYAL-MENS-DMEHT37061D5D63A2F/1562760940007_0..jpg?imwidth=282&impolicy=hq
164,https://assetscdn1.paytm.com/images/catalog/product/A/AP/APPROYAL-KURTA-MEHT370615DC11951/1562916845909_0..jpg?imwidth=282&impolicy=hq
165,https://assetscdn1.paytm.com/images/catalog/product/A/AP/APPRG-DESIGNERSRAJ-1489112A9CADF6/1562774551288_0..jpg?imwidth=282&impolicy=hq
166,https://assetscdn1.paytm.com/images/catalog/product/A/AP/APPMEN-S-DESIGNMR-T178778A7DC44F6/1562767032518_0..jpg?imwidth=282&impolicy=hq
167,https://assetscdn1.paytm.com/images/catalog/product/A/AP/APPROYAL-MEN-S-MEHT3706115E047EF/1562785333454_1..jpg?imwidth=282&impolicy=hq
168,https://assetscdn1.paytm.com/images/catalog/product/A/AP/APPMEN-S-LUXURYMR-T1787786E39A82C/1562766939523_0..jpg?imwidth=282&impolicy=hq
169,https://assetscdn1.paytm.com/images/catalog/product/A/AP/APPROYAL-KURTA-MEHT370614E3BD55C/1562804160243_1..jpg?imwidth=282&impolicy=hq
170,https://assetscdn1.paytm.com/images/catalog/product/A/AP/APPMEN-S-LUXURYMR-T1787782FFEEAA4/1562766876939_0..jpg?imwidth=282&impolicy=hq
171,https://assetscdn1.paytm.com/images/catalog/product/A/AP/APPROYAL-KURTA-MEHT37061A9B91CCC/1562804262306_1..jpg?imwidth=282&impolicy=hq
172,https://assetscdn1.paytm.com/images/catalog/product/A/AP/APPROYAL-MENS-DMEHT370616187131C/1562760895502_0..jpg?imwidth=282&impolicy=hq
173,https://assetscdn1.paytm.com/images/catalog/product/A/AP/APPROYAL-MEN-S-MEHT3706110E9FE04/1562760854279_0..jpg?imwidth=282&impolicy=hq
174,https://assetscdn1.paytm.com/images/catalog/product/A/AP/APPROYAL-MENS-DMEHT370618C0ACFE1/1562760948388_0..jpg?imwidth=282&impolicy=hq
175,https://assetscdn1.paytm.com/images/catalog/product/A/AP/APPROYAL-DESIGNMR-T178778AE499F30/1562765691207_0..jpg?imwidth=282&impolicy=hq
176,https://assetscdn1.paytm.com/images/catalog/product/A/AP/APPROYAL-KURTA-MEHT37061213C417/1562916551377_0..jpg?imwidth=282&impolicy=hq
177,https://assetscdn1.paytm.com/images/catalog/product/A/AP/APPROYAL-MENS-DMEHT37061CE878497/1562761013756_0..jpg?imwidth=282&impolicy=hq
178,https://assetscdn1.paytm.com/images/catalog/product/A/AP/APPROYAL-KURTA-MR-T17877894A1750D/1562761347428_0..jpg?imwidth=282&impolicy=hq
179,https://assetscdn1.paytm.com/images/catalog/product/A/AP/APPROYAL-MENS-DMEHT37061C5F57E68/1562760953031_0..jpg?imwidth=282&impolicy=hq
180,https://assetscdn1.paytm.com/images/catalog/product/A/AP/APPROYAL-MENS-DMEHT37061E6C1AEAB/1562760949909_0..jpg?imwidth=282&impolicy=hq
181,https://assetscdn1.paytm.com/images/catalog/product/A/AP/APPROYAL-MENS-DMEHT37061F3C73302/1562761060253_0..jpg?imwidth=282&impolicy=hq
182,https://assetscdn1.paytm.com/images/catalog/product/A/AP/APPROYAL-MEN-S-MEHT370617ECBFDAA/1562760826151_0..jpg?imwidth=282&impolicy=hq
183,https://assetscdn1.paytm.com/images/catalog/product/A/AP/APPMEN-S-LUXURYMR-T1787786296E4FE/1562766994124_0..jpg?imwidth=282&impolicy=hq
184,https://assetscdn1.paytm.com/images/catalog/product/A/AP/APPROYAL-MEN-S-MEHT37061F4C06BE8/1562785382610_1..jpg?imwidth=282&impolicy=hq
185,https://assetscdn1.paytm.com/images/catalog/product/A/AP/APPROYAL-MENS-DMEHT370612733215/1562761029065_0..jpg?imwidth=282&impolicy=hq
186,https://assetscdn1.paytm.com/images/catalog/product/A/AP/APPROYAL-MENS-DMEHT37061AA252CB7/1562760932608_0..jpg?imwidth=282&impolicy=hq
187,https://assetscdn1.paytm.com/images/catalog/product/A/AP/APPROYAL-MENS-DMEHT37061CA94CB23/1562761042170_0..jpg?imwidth=282&impolicy=hq
188,https://assetscdn1.paytm.com/images/catalog/product/A/AP/APPMEN-S-LUXURYMR-T178778AE438944/1562767013451_0..jpg?imwidth=282&impolicy=hq
189,https://assetscdn1.paytm.com/images/catalog/product/A/AP/APPROYAL-MEN-S-MEHT3706189E41E30/1562785209376_1..jpg?imwidth=282&impolicy=hq
190,https://assetscdn1.paytm.com/images/catalog/product/A/AP/APPMEN-S-LUXURYMR-T178778BB8C59F3/1562766982219_0..jpg?imwidth=282&impolicy=hq
191,https://assetscdn1.paytm.com/images/catalog/product/A/AP/APPMEN-S-LUXURYMR-T17877867569AC7/1562767013422_0..jpg?imwidth=282&impolicy=hq
192,https://assetscdn1.paytm.com/images/catalog/product/A/AP/APPROYAL-MEN-S-MEHT3706189E41E30/1562785209376_1..jpg?imwidth=282&impolicy=hq
193,https://assetscdn1.paytm.com/images/catalog/product/A/AP/APPROYAL-MEN-S-MR-T1787787C028A07/1562774306431_0..jpg?imwidth=282&impolicy=hq
194,https://assetscdn1.paytm.com/images/catalog/product/A/AP/APPROYAL-MEN-S-MEHT37061348DC1EF/1562767362465_0..jpg?imwidth=282&impolicy=hq
195,https://assetscdn1.paytm.com/images/catalog/product/A/AP/APPROYAL-KURTA-MEHT370612DDE7765/1562916414715_0..jpg?imwidth=282&impolicy=hq
196,https://assetscdn1.paytm.com/images/catalog/product/A/AP/APPMEN-S-LUXURYMR-T178778BB8C59F3/1562766982219_0..jpg?imwidth=282&impolicy=hq
197,https://assetscdn1.paytm.com/images/catalog/product/A/AP/APPROYAL-MEN-S-MEHT370614E11E9CB/1562767291012_0..jpg?imwidth=282&impolicy=hq
198,https://assetscdn1.paytm.com/images/catalog/product/A/AP/APPROYAL-MEN-S-MR-T178778D5F6434B/1562774472491_0..jpg?imwidth=282&impolicy=hq
199,https://assetscdn1.paytm.com/images/catalog/product/A/AP/APPROYAL-MEN-S-MR-T17877879FB3675/1562771888805_0..jpg?imwidth=282&impolicy=hq
200,https://assetscdn1.paytm.com/images/catalog/product/A/AP/APPROYAL-MENS-DMEHT37061CA94CB23/1562761042170_0..jpg?imwidth=282&impolicy=hq
201,https://assetscdn1.paytm.com/images/catalog/product/A/AP/APPRG-DESIGNERSRAJ-148911674BD3F1/1563091463303_0..jpg?imwidth=282&impolicy=hq
202,https://assetscdn1.paytm.com/images/catalog/product/A/AP/APPROYAL-MEN-S-MEHT37061F875C90F/1562785174500_1..jpg?imwidth=282&impolicy=hq
203,https://assetscdn1.paytm.com/images/catalog/product/A/AP/APPMEN-S-LUXURYMR-T17877858E04476/1562766990494_0..jpg?imwidth=282&impolicy=hq
204,https://assetscdn1.paytm.com/images/catalog/product/A/AP/APPROYAL-MENS-DMEHT37061D40D80C8/1562761042033_0..jpg?imwidth=282&impolicy=hq
205,https://assetscdn1.paytm.com/images/catalog/product/A/AP/APPROYAL-MEN-S-MEHT37061ADA25129/1562768067646_2..jpg?imwidth=282&impolicy=hq
206,https://assetscdn1.paytm.com/images/catalog/product/A/AP/APPROYAL-KURTA-MR-T178778FF091515/1562804583497_1..jpg?imwidth=282&impolicy=hq
207,https://assetscdn1.paytm.com/images/catalog/product/A/AP/APPMEN-S-LUXURYMR-T17877897006AB5/1562766905938_0..jpg?imwidth=282&impolicy=hq
208,https://assetscdn1.paytm.com/images/catalog/product/A/AP/APPMEN-S-LUXURYMR-T1787783CA5C510/1562766906666_0..jpg?imwidth=282&impolicy=hq
209,https://assetscdn1.paytm.com/images/catalog/product/A/AP/APPMEN-S-LUXURYMR-T178778F9A19D17/1562766901326_0..jpg?imwidth=282&impolicy=hq
210,https://assetscdn1.paytm.com/images/catalog/product/A/AP/APPMEN-S-LUXURYMR-T178778895F5E55/1562766927660_0..jpg?imwidth=282&impolicy=hq
211,https://assetscdn1.paytm.com/images/catalog/product/A/AP/APPMEN-S-LUXURYMR-T178778B9B705E0/1562766999406_0..jpg?imwidth=282&impolicy=hq
212,https://assetscdn1.paytm.com/images/catalog/product/A/AP/APPMEN-S-LUXURYMR-T178778F7036664/1562766954429_0..jpg?imwidth=282&impolicy=hq
213,https://assetscdn1.paytm.com/images/catalog/product/A/AP/APPROYAL-DESIGNMEHT37061CDC5421/1562763701950_0..jpg?imwidth=282&impolicy=hq
214,https://assetscdn1.paytm.com/images/catalog/product/A/AP/APPROYAL-MEN-S-MEHT37061285FB290/1562760827470_0..jpg?imwidth=282&impolicy=hq
215,https://assetscdn1.paytm.com/images/catalog/product/A/AP/APPROYAL-MEN-S-MEHT3706180FC7A70/1562760868191_0..jpg?imwidth=282&impolicy=hq
216,https://assetscdn1.paytm.com/images/catalog/product/A/AP/APPROYAL-MEN-S-MEHT370613F3C694F/1562760918814_0..jpg?imwidth=282&impolicy=hq
217,https://assetscdn1.paytm.com/images/catalog/product/A/AP/APPROYAL-KURTA-MR-T178778C22C11AE/1562761235397_0..jpg?imwidth=282&impolicy=hq
218,https://assetscdn1.paytm.com/images/catalog/product/A/AP/APPMEN-S-LUXURYMR-T1787788DC5190B/1562766964163_0..jpg?imwidth=282&impolicy=hq
219,https://assetscdn1.paytm.com/images/catalog/product/A/AP/APPMEN-S-LUXURYMR-T178778E9F89EFA/1562766939750_0..jpg?imwidth=282&impolicy=hq
220,https://assetscdn1.paytm.com/images/catalog/product/A/AP/APPROYAL-DESIGNMR-T1787784CD9B1B6/1562767535680_0..jpg?imwidth=282&impolicy=hq
221,https://assetscdn1.paytm.com/images/catalog/product/A/AP/APPMEN-S-LUXURYMR-T178778F38F6C96/1562767090545_0..jpg?imwidth=282&impolicy=hq
222,https://assetscdn1.paytm.com/images/catalog/product/A/AP/APPROYAL-DESIGNMEHT37061DD057952/1562763790740_0..jpg?imwidth=282&impolicy=hq
223,https://assetscdn1.paytm.com/images/catalog/product/A/AP/APPROYAL-MEN-S-MEHT37061710D0E20/1562768054547_2..jpg?imwidth=282&impolicy=hq
224,https://assetscdn1.paytm.com/images/catalog/product/A/AP/APPROYAL-MEN-S-MR-T17877833C3843/1562771764272_0..jpg?imwidth=282&impolicy=hq
225,https://assetscdn1.paytm.com/images/catalog/product/A/AP/APPRG-DESIGNERSRAJ-148911C6F88493/1562774470400_0..jpg?imwidth=282&impolicy=hq
226,https://assetscdn1.paytm.com/images/catalog/product/A/AP/APPROYAL-MEN-S-MR-T17877862DE2A22/1562767396863_0..jpg?imwidth=282&impolicy=hq
227,https://assetscdn1.paytm.com/images/catalog/product/A/AP/APPROYAL-MENS-DMEHT37061F2BC419F/1562760969668_0..jpg?imwidth=282&impolicy=hq
228,https://assetscdn1.paytm.com/images/catalog/product/A/AP/APPRG-DESIGNERSRAJ-1489116B9BCEA4/1562774583189_0..jpg?imwidth=282&impolicy=hq
229,https://assetscdn1.paytm.com/images/catalog/product/A/AP/APPROYAL-MEN-S-MEHT37061D5C29725/1562767206374_0..jpg?imwidth=282&impolicy=hq
230,https://assetscdn1.paytm.com/images/catalog/product/A/AP/APPROYAL-KURTA-MEHT370614FBBAEC2/1562804248460_1..jpg?imwidth=282&impolicy=hq
231,https://assetscdn1.paytm.com/images/catalog/product/A/AP/APPRG-DESIGNERSRAJ-148911769642E5/1562774451796_0..jpg?imwidth=282&impolicy=hq
232,https://assetscdn1.paytm.com/images/catalog/product/A/AP/APPROYAL-MEN-S-MR-T1787781EC88A34/1562774354727_0..jpg?imwidth=282&impolicy=hq
233,https://assetscdn1.paytm.com/images/catalog/product/A/AP/APPROYAL-KURTA-MEHT370613C580B44/1562804524920_1..jpg?imwidth=282&impolicy=hq
234,https://assetscdn1.paytm.com/images/catalog/product/A/AP/APPROYAL-MEN-S-MEHT37061FA6ADAC9/1562760902899_0..jpg?imwidth=282&impolicy=hq
235,https://assetscdn1.paytm.com/images/catalog/product/A/AP/APPMEN-S-LUXURYMR-T1787781570BF98/1562766979236_0..jpg?imwidth=282&impolicy=hq
236,https://assetscdn1.paytm.com/images/catalog/product/A/AP/APPROYAL-KURTA-MEHT3706173D64636/1562916595715_0..jpg?imwidth=282&impolicy=hq
237,https://assetscdn1.paytm.com/images/catalog/product/A/AP/APPROYAL-MEN-S-MR-T1787787AA87589/1562771728674_0..jpg?imwidth=282&impolicy=hq
238,https://assetscdn1.paytm.com/images/catalog/product/A/AP/APPROYAL-MEN-S-MR-T1787785C134863/1562771773914_0..jpg?imwidth=282&impolicy=hq
239,https://assetscdn1.paytm.com/images/catalog/product/A/AP/APPROYAL-MEN-S-MEHT37061D743085D/1562785144804_1..jpg?imwidth=282&impolicy=hq
240,https://assetscdn1.paytm.com/images/catalog/product/A/AP/APPMEN-S-LUXURYMR-T17877855585783/1562766961552_0..jpg?imwidth=282&impolicy=hq
241,https://assetscdn1.paytm.com/images/catalog/product/A/AP/APPROYAL-MEN-S-MR-T178778A5661F29/1562771832138_0..jpg?imwidth=282&impolicy=hq
242,https://assetscdn1.paytm.com/images/catalog/product/A/AP/APPROYAL-MEN-S-MR-T178778559F8855/1562771760798_0..jpg?imwidth=282&impolicy=hq
243,https://assetscdn1.paytm.com/images/catalog/product/A/AP/APPMEN-S-DESIGNMR-T17877834C81217/1562767009009_0..jpg?imwidth=282&impolicy=hq
244,https://assetscdn1.paytm.com/images/catalog/product/A/AP/APPMEN-S-LUXURYMR-T1787785359B5F6/1562766901156_0..jpg?imwidth=282&impolicy=hq
245,https://assetscdn1.paytm.com/images/catalog/product/A/AP/APPROYAL-KURTA-MEHT37061D81D4EF2/1562916698078_0..jpg?imwidth=282&impolicy=hq
246,https://assetscdn1.paytm.com/images/catalog/product/A/AP/APPROYAL-MEN-S-MEHT37061815766A4/1562760910311_0..jpg?imwidth=282&impolicy=hq
247,https://assetscdn1.paytm.com/images/catalog/product/A/AP/APPROYAL-MENS-DMEHT370612DA1E669/1562760933708_0..jpg?imwidth=282&impolicy=hq
248,https://assetscdn1.paytm.com/images/catalog/product/A/AP/APPROYAL-MENS-DMEHT3706166D8B798/1562760954980_0..jpg?imwidth=282&impolicy=hq
249,https://assetscdn1.paytm.com/images/catalog/product/A/AP/APPROYAL-MEN-S-MR-T1787782C23E2B7/1562771804024_0..jpg?imwidth=282&impolicy=hq
250,https://assetscdn1.paytm.com/images/catalog/product/A/AP/APPROYAL-KURTA-MR-T178778D2BB5FB/1562804602685_1..jpg?imwidth=282&impolicy=hq
251,https://assetscdn1.paytm.com/images/catalog/product/A/AP/APPROYAL-MENS-DMEHT37061150C17DD/1562761035943_0..jpg?imwidth=282&impolicy=hq
252,https://assetscdn1.paytm.com/images/catalog/product/A/AP/APPROYAL-MEN-S-MR-T17877882465017/1562771835417_0..jpg?imwidth=282&impolicy=hq
253,https://assetscdn1.paytm.com/images/catalog/product/A/AP/APPROYAL-MEN-S-MR-T178778F804E903/1562771734378_0..jpg?imwidth=282&impolicy=hq
254,https://assetscdn1.paytm.com/images/catalog/product/A/AP/APPROYAL-KURTA-MR-T178778FA4666C/1562761255529_0..jpg?imwidth=282&impolicy=hq
255,https://assetscdn1.paytm.com/images/catalog/product/A/AP/APPROYAL-MENS-DMEHT3706155D25C9D/1562760953194_0..jpg?imwidth=282&impolicy=hq
256,https://assetscdn1.paytm.com/images/catalog/product/A/AP/APPROYAL-MEN-S-MR-T17877876093401/1562767380293_0..jpg?imwidth=282&impolicy=hq
257,https://assetscdn1.paytm.com/images/catalog/product/A/AP/APPRG-DESIGNERSRAJ-148911851F170D/1562774413346_0..jpg?imwidth=282&impolicy=hq
258,https://assetscdn1.paytm.com/images/catalog/product/A/AP/APPNAWAB-SAHEB-GLOB9598405F1CFF6A/1562946584895_0..jpg?imwidth=282&impolicy=hq
259,https://assetscdn1.paytm.com/images/catalog/product/A/AP/APPROYAL-KURTA-MEHT37061B5898639/1562804080658_1..jpg?imwidth=282&impolicy=hq
260,https://assetscdn1.paytm.com/images/catalog/product/A/AP/APPROYAL-MEN-S-MR-T17877854D3640A/1562774279287_0..jpg?imwidth=282&impolicy=hq
261,https://assetscdn1.paytm.com/images/catalog/product/A/AP/APPRG-DESIGNERSRAJ-148911C8B8C7DD/1562774447402_0..jpg?imwidth=282&impolicy=hq
262,https://assetscdn1.paytm.com/images/catalog/product/A/AP/APPROYAL-MEN-S-MR-T178778F32080E6/1562767398230_0..jpg?imwidth=282&impolicy=hq
263,https://assetscdn1.paytm.com/images/catalog/product/A/AP/APPMEN-S-LUXURYMR-T178778AF24BF58/1562766935878_0..jpg?imwidth=282&impolicy=hq
264,https://assetscdn1.paytm.com/images/catalog/product/A/AP/APPROYAL-MEN-S-MEHT370617764E985/1562767232305_0..jpg?imwidth=282&impolicy=hq
265,https://assetscdn1.paytm.com/images/catalog/product/A/AP/APPROYAL-MEN-S-MR-T178778F821E6E/1562774326240_0..jpg?imwidth=282&impolicy=hq
266,https://assetscdn1.paytm.com/images/catalog/product/A/AP/APPROYAL-MENS-DMEHT370616E5168/1562761010576_0..jpg?imwidth=282&impolicy=hq
267,https://assetscdn1.paytm.com/images/catalog/product/A/AP/APPROYAL-MEN-S-MR-T1787788BAA2D0E/1562774327797_0..jpg?imwidth=282&impolicy=hq
268,https://assetscdn1.paytm.com/images/catalog/product/A/AP/APPROYAL-MEN-S-MEHT3706145198F44/1562767244788_0..jpg?imwidth=282&impolicy=hq
269,https://assetscdn1.paytm.com/images/catalog/product/A/AP/APPROYAL-MENS-DMEHT370614C8BD5C/1562760892717_0..jpg?imwidth=282&impolicy=hq
270,https://assetscdn1.paytm.com/images/catalog/product/A/AP/APPNEWLADIESZONNEW-311254121D3EA/1562751639218_0.jpg?imwidth=282&impolicy=hq
271,https://assetscdn1.paytm.com/images/catalog/product/A/AP/APPROYAL-MEN-S-MR-T178778921C7315/1562763174890_0..jpg?imwidth=282&impolicy=hq
272,https://assetscdn1.paytm.com/images/catalog/product/A/AP/APPROYAL-MEN-S-MEHT370613233421F/1562760845425_0..jpg?imwidth=282&impolicy=hq
273,https://assetscdn1.paytm.com/images/catalog/product/A/AP/APPROYAL-KURTA-MEHT3706192D2BFEB/1562916535752_0..jpg?imwidth=282&impolicy=hq
274,https://assetscdn1.paytm.com/images/catalog/product/A/AP/APPROYAL-KURTA-MR-T178778C7064FA4/1562761260682_0..jpg?imwidth=282&impolicy=hq
275,https://assetscdn1.paytm.com/images/catalog/product/A/AP/APPROYAL-MEN-S-MEHT37061DBC57683/1562767284398_0..jpg?imwidth=282&impolicy=hq
276,https://assetscdn1.paytm.com/images/catalog/product/A/AP/APPROYAL-MEN-S-MEHT37061A3C13A80/1562767965764_1..jpg?imwidth=282&impolicy=hq
277,https://assetscdn1.paytm.com/images/catalog/product/A/AP/APPROYAL-MENS-DMEHT37061B4B31AC3/1562761031583_0..jpg?imwidth=282&impolicy=hq
278,https://assetscdn1.paytm.com/images/catalog/product/A/AP/APPROYAL-MENS-DMEHT37061D9BEEFF/1562760934405_0..jpg?imwidth=282&impolicy=hq
279,https://assetscdn1.paytm.com/images/catalog/product/A/AP/APPROYAL-DESIGNMR-T178778A74C8C31/1562767503414_0..jpg?imwidth=282&impolicy=hq
280,https://assetscdn1.paytm.com/images/catalog/product/A/AP/APPROYAL-DESIGNMEHT370613804801F/1562763775701_0..jpg?imwidth=282&impolicy=hq
281,https://assetscdn1.paytm.com/images/catalog/product/A/AP/APPROYAL-MEN-S-MEHT37061416557E/1562760834515_0..jpg?imwidth=282&impolicy=hq
282,https://assetscdn1.paytm.com/images/catalog/product/A/AP/APPROYAL-MEN-S-MEHT37061528C9E23/1562767972700_2..jpg?imwidth=282&impolicy=hq
283,https://assetscdn1.paytm.com/images/catalog/product/A/AP/APPMEN-S-LUXURYMR-T1787787425B068/1562766980893_0..jpg?imwidth=282&impolicy=hq
284,https://assetscdn1.paytm.com/images/catalog/product/A/AP/APPROYAL-MENS-DMEHT37061E4777A27/1562760979708_0..jpg?imwidth=282&impolicy=hq
285,https://assetscdn1.paytm.com/images/catalog/product/A/AP/APPROYAL-MENS-DMEHT37061C7D12FB8/1562760875631_0..jpg?imwidth=282&impolicy=hq
286,https://assetscdn1.paytm.com/images/catalog/product/A/AP/APPROYAL-KURTA-MR-T178778A033429D/1562804448234_1..jpg?imwidth=282&impolicy=hq
287,https://assetscdn1.paytm.com/images/catalog/product/A/AP/APPROYAL-MENS-DMEHT3706161BF786A/1562760964785_0..jpg?imwidth=282&impolicy=hq
288,https://assetscdn1.paytm.com/images/catalog/product/A/AP/APPROYAL-MEN-S-MEHT370617E543A52/1562767317232_0..jpg?imwidth=282&impolicy=hq
289,https://assetscdn1.paytm.com/images/catalog/product/A/AP/APPROYAL-MEN-S-MR-T1787788C0DBA98/1562767444527_0..jpg?imwidth=282&impolicy=hq
290,https://assetscdn1.paytm.com/images/catalog/product/A/AP/APPROYAL-DESIGNMR-T1787785A402F04/1562767480631_0..jpg?imwidth=282&impolicy=hq
291,https://assetscdn1.paytm.com/images/catalog/product/A/AP/APPROYAL-KURTA-MEHT3706111EB61/1562916474553_0..jpg?imwidth=282&impolicy=hq
292,https://assetscdn1.paytm.com/images/catalog/product/A/AP/APPLARWA-WHITE-VINP24247704C3F08/1562756360559_0.jpeg?imwidth=282&impolicy=hq
293,https://assetscdn1.paytm.com/images/catalog/product/A/AP/APPMEN-S-LUXURYMR-T1787788112029E/1562767043464_0..jpg?imwidth=282&impolicy=hq
294,https://assetscdn1.paytm.com/images/catalog/product/A/AP/APPROYAL-KURTA-MEHT37061680A11C0/1562916471480_0..jpg?imwidth=282&impolicy=hq
295,https://assetscdn1.paytm.com/images/catalog/product/A/AP/APPROYAL-KURTA-MR-T178778D1E64B6D/1562804775781_1..jpg?imwidth=282&impolicy=hq
296,https://assetscdn1.paytm.com/images/catalog/product/A/AP/APPROYAL-KURTA-MEHT3706190D2D156/1562916445040_0..jpg?imwidth=282&impolicy=hq
297,https://assetscdn1.paytm.com/images/catalog/product/A/AP/APPROYAL-KURTA-MR-T1787783AB94EA3/1562804503241_1..jpg?imwidth=282&impolicy=hq
298,https://assetscdn1.paytm.com/images/catalog/product/A/AP/APPMEN-S-LUXURYMR-T178778AC8ADEA2/1562766936790_0..jpg?imwidth=282&impolicy=hq
299,https://assetscdn1.paytm.com/images/catalog/product/A/AP/APPROYAL-MEN-S-MR-T178778E61C357D/1562763123257_0..jpg?imwidth=282&impolicy=hq
300,https://assetscdn1.paytm.com/images/catalog/product/A/AP/APPMEN-S-LUXURYMR-T17877839F583C1/1562766996310_0..jpg?imwidth=282&impolicy=hq
301,https://assetscdn1.paytm.com/images/catalog/product/A/AP/APPMEN-S-LUXURYMR-T178778A8E4DCB1/1562766890245_0..jpg?imwidth=282&impolicy=hq
302,https://assetscdn1.paytm.com/images/catalog/product/A/AP/APPMEN-S-LUXURYMR-T1787786AFDE7D/1562766943395_0..jpg?imwidth=282&impolicy=hq
303,https://assetscdn1.paytm.com/images/catalog/product/A/AP/APPMEN-S-LUXURYMR-T178778F5008635/1562766916647_0..jpg?imwidth=282&impolicy=hq
304,https://assetscdn1.paytm.com/images/catalog/product/A/AP/APPMEN-S-LUXURYMR-T178778548C876/1562767009800_0..jpg?imwidth=282&impolicy=hq
305,https://assetscdn1.paytm.com/images/catalog/product/A/AP/APPROYAL-KURTA-MR-T17877861B987FF/1562761244826_0..jpg?imwidth=282&impolicy=hq
306,https://assetscdn1.paytm.com/images/catalog/product/A/AP/APPMEN-S-LUXURYMR-T178778EF3894F3/1562766937001_0..jpg?imwidth=282&impolicy=hq
307,https://assetscdn1.paytm.com/images/catalog/product/A/AP/APPROYAL-MEN-S-MR-T178778C7882612/1562771897680_0..jpg?imwidth=282&impolicy=hq
308,https://assetscdn1.paytm.com/images/catalog/product/A/AP/APPMEN-S-LUXURYMR-T178778425B5BE0/1562766949441_0..jpg?imwidth=282&impolicy=hq
309,https://assetscdn1.paytm.com/images/catalog/product/A/AP/APPMEN-S-LUXURYMR-T1787781C9CE1F8/1562766827331_0..jpg?imwidth=282&impolicy=hq
310,https://assetscdn1.paytm.com/images/catalog/product/A/AP/APPROYAL-MEN-S-MR-T17877851199584/1562771837728_0..jpg?imwidth=282&impolicy=hq
311,https://assetscdn1.paytm.com/images/catalog/product/A/AP/APPROYAL-DESIGNMEHT370613541FAB6/1562763748690_0..jpg?imwidth=282&impolicy=hq
312,https://assetscdn1.paytm.com/images/catalog/product/A/AP/APPROYAL-MEN-S-MEHT370612D950EAE/1562768006673_2..jpg?imwidth=282&impolicy=hq
313,https://assetscdn1.paytm.com/images/catalog/product/A/AP/APPROYAL-MEN-S-MEHT370616672DA3D/1562767958528_1..jpg?imwidth=282&impolicy=hq
314,https://assetscdn1.paytm.com/images/catalog/product/A/AP/APPMEN-S-DESIGNMR-T17877856A6C213/1562767022571_0..jpg?imwidth=282&impolicy=hq
315,https://assetscdn1.paytm.com/images/catalog/product/A/AP/APPROYAL-MEN-S-MR-T178778F0BE133F/1562763030252_0..jpg?imwidth=282&impolicy=hq
316,https://assetscdn1.paytm.com/images/catalog/product/A/AP/APPROYAL-MEN-S-MEHT370611CBF2EA3/1562768062463_2..jpg?imwidth=282&impolicy=hq
317,https://assetscdn1.paytm.com/images/catalog/product/A/AP/APPMEN-S-LUXURYMR-T1787784104DEF0/1562766982052_0..jpg?imwidth=282&impolicy=hq
318,https://assetscdn1.paytm.com/images/catalog/product/A/AP/APPMEN-S-LUXURYMR-T178778CEF0517F/1562766932032_0..jpg?imwidth=282&impolicy=hq
319,https://assetscdn1.paytm.com/images/catalog/product/A/AP/APPROYAL-DESIGNMEHT3706126084207/1562763750821_0..jpg?imwidth=282&impolicy=hq
320,https://assetscdn1.paytm.com/images/catalog/product/A/AP/APPROYAL-MEN-S-MEHT3706117222681/1562785113066_1..jpg?imwidth=282&impolicy=hq
321,https://assetscdn1.paytm.com/images/catalog/product/A/AP/APPSTATUS-QUO-MSETU2010433A922DA8/1563092658046_0..jpg?imwidth=282&impolicy=hq
322,https://assetscdn1.paytm.com/images/catalog/product/A/AP/APPNEWLADIESZONNEW-31125F305D193/1562751666576_0.jpg?imwidth=282&impolicy=hq
323,https://assetscdn1.paytm.com/images/catalog/product/A/AP/APPROYAL-MEN-S-MEHT37061E110B38C/1562767972495_2..jpg?imwidth=282&impolicy=hq
324,https://assetscdn1.paytm.com/images/catalog/product/A/AP/APPNEWLADIESZONNEW-31125F4419B42/1562751624798_0.jpg?imwidth=282&impolicy=hq
325,https://assetscdn1.paytm.com/images/catalog/product/A/AP/APPMEN-S-LUXURYMR-T1787786EB03AE/1562766943408_0..jpg?imwidth=282&impolicy=hq
326,https://assetscdn1.paytm.com/images/catalog/product/A/AP/APPNEWLADIESZONNEW-311254B8DE732/1562751660575_0.jpg?imwidth=282&impolicy=hq
327,https://assetscdn1.paytm.com/images/catalog/product/A/AP/APPROYAL-MEN-S-MR-T1787782B35B56E/1562763101028_0..jpg?imwidth=282&impolicy=hq
328,https://assetscdn1.paytm.com/images/catalog/product/A/AP/APPMEN-S-LUXURYMR-T17877832358628/1562767034549_0..jpg?imwidth=282&impolicy=hq
329,https://assetscdn1.paytm.com/images/catalog/product/A/AP/APPROYAL-MEN-S-MEHT37061F96E5AE5/1562767905906_2..jpg?imwidth=282&impolicy=hq
330,https://assetscdn1.paytm.com/images/catalog/product/A/AP/APPROYAL-KURTA-MEHT370616AD77301/1562804177331_1..jpg?imwidth=282&impolicy=hq
331,https://assetscdn1.paytm.com/images/catalog/product/A/AP/APPROYAL-KURTA-MEHT37061864986BC/1562916625038_0..jpg?imwidth=282&impolicy=hq
332,https://assetscdn1.paytm.com/images/catalog/product/A/AP/APPROYAL-MEN-S-MR-T178778A3F51CA3/1562771744563_0..jpg?imwidth=282&impolicy=hq
333,https://assetscdn1.paytm.com/images/catalog/product/A/AP/APPROYAL-KURTA-MEHT37061C5EA6C0A/1562804079113_1..jpg?imwidth=282&impolicy=hq
334,https://assetscdn1.paytm.com/images/catalog/product/A/AP/APPROYAL-MEN-S-MR-T1787787F84B567/1562771821948_0..jpg?imwidth=282&impolicy=hq
335,https://assetscdn1.paytm.com/images/catalog/product/A/AP/APPROYAL-MEN-S-MEHT3706170A1C0F2/1562760899446_0..jpg?imwidth=282&impolicy=hq
336,https://assetscdn1.paytm.com/images/catalog/product/A/AP/APPROYAL-MENS-DMEHT3706179F254C4/1562760947042_0..jpg?imwidth=282&impolicy=hq
337,https://assetscdn1.paytm.com/images/catalog/product/A/AP/APPMEN-S-DESIGNMR-T178778FCD8C289/1562766853515_0..jpg?imwidth=282&impolicy=hq
338,https://assetscdn1.paytm.com/images/catalog/product/A/AP/APPROYAL-KURTA-MR-T178778C96C1EF/1562761259165_0..jpg?imwidth=282&impolicy=hq
339,https://assetscdn1.paytm.com/images/catalog/product/A/AP/APPROYAL-MENS-DMEHT37061CC9746A0/1562760987865_0..jpg?imwidth=282&impolicy=hq
340,https://assetscdn1.paytm.com/images/catalog/product/A/AP/APPROYAL-KURTA-MEHT370617EA5330B/1562916717370_0..jpg?imwidth=282&impolicy=hq
341,https://assetscdn1.paytm.com/images/catalog/product/A/AP/APPROYAL-MEN-S-MEHT37061742AC5B8/1562760836404_0..jpg?imwidth=282&impolicy=hq
342,https://assetscdn1.paytm.com/images/catalog/product/A/AP/APPMEN-S-LUXURYMR-T178778CF61F605/1562766995964_0..jpg?imwidth=282&impolicy=hq
343,https://assetscdn1.paytm.com/images/catalog/product/A/AP/APPMEN-S-LUXURYMR-T178778433BDEE1/1562766871378_0..jpg?imwidth=282&impolicy=hq
344,https://assetscdn1.paytm.com/images/catalog/product/A/AP/APPROYAL-MEN-S-MR-T178778A963B79/1562771809651_0..jpg?imwidth=282&impolicy=hq
345,https://assetscdn1.paytm.com/images/catalog/product/A/AP/APPROYAL-DESIGNMR-T1787784A1D2F25/1562767421765_0..jpg?imwidth=282&impolicy=hq
346,https://assetscdn1.paytm.com/images/catalog/product/A/AP/APPROYAL-KURTA-MEHT37061BE646ECD/1562916632111_0..jpg?imwidth=282&impolicy=hq
347,https://assetscdn1.paytm.com/images/catalog/product/A/AP/APPROYAL-MEN-S-MR-T1787781F5A6B3/1562774319792_0..jpg?imwidth=282&impolicy=hq
348,https://assetscdn1.paytm.com/images/catalog/product/A/AP/APPROYAL-MEN-S-MEHT37061F740C11A/1562767340113_0..jpg?imwidth=282&impolicy=hq
349,https://assetscdn1.paytm.com/images/catalog/product/A/AP/APPMEN-S-LUXURYMR-T178778FD7C6E77/1562766866577_0..jpg?imwidth=282&impolicy=hq
350,https://assetscdn1.paytm.com/images/catalog/product/A/AP/APPROYAL-MEN-S-MR-T178778AEED0F1A/1562767478956_0..jpg?imwidth=282&impolicy=hq
351,https://assetscdn1.paytm.com/images/catalog/product/A/AP/APPROYAL-MEN-S-MEHT37061EC19EDFD/1562760900610_0..jpg?imwidth=282&impolicy=hq
352,https://assetscdn1.paytm.com/images/catalog/product/A/AP/APPROYAL-MEN-S-MEHT37061EC19EDFD/1562760900610_0..jpg?imwidth=282&impolicy=hq
353,https://assetscdn1.paytm.com/images/catalog/product/A/AP/APPLARWA-CREAM-VINP24247AB0527DD/1562747962611_0.JPG?imwidth=282&impolicy=hq
354,https://assetscdn1.paytm.com/images/catalog/product/A/AP/APPZIDO-MEN-S-WFORE47737F0AFD291/1562814235613_1..jpg?imwidth=282&impolicy=hq
355,https://assetscdn1.paytm.com/images/catalog/product/A/AP/APPROYAL-KURTA-MEHT37061653A8CDC/1562916323160_0..jpg?imwidth=282&impolicy=hq
356,https://assetscdn1.paytm.com/images/catalog/product/A/AP/APPROYAL-MEN-S-MR-T178778563D5950/1562767370941_0..jpg?imwidth=282&impolicy=hq
357,https://assetscdn1.paytm.com/images/catalog/product/A/AP/APPROYAL-DESIGNMR-T1787785CA01FF1/1562765516518_0..jpg?imwidth=282&impolicy=hq
358,https://assetscdn1.paytm.com/images/catalog/product/A/AP/APPRG-DESIGNERSRAJ-14891133C89A73/1562774598342_0..jpg?imwidth=282&impolicy=hq
359,https://assetscdn1.paytm.com/images/catalog/product/A/AP/APPROYAL-MEN-S-MR-T1787782BBA38B6/1562774315680_0..jpg?imwidth=282&impolicy=hq
360,https://assetscdn1.paytm.com/images/catalog/product/A/AP/APPROYAL-MEN-S-MR-T178778BE668A46/1562774298248_0..jpg?imwidth=282&impolicy=hq
361,https://assetscdn1.paytm.com/images/catalog/product/A/AP/APPROYAL-DESIGNMR-T178778A9171B6E/1562765552978_0..jpg?imwidth=282&impolicy=hq
362,https://assetscdn1.paytm.com/images/catalog/product/A/AP/APPROYAL-MENS-DMEHT370611DCEF614/1562761004279_0..jpg?imwidth=282&impolicy=hq
363,https://assetscdn1.paytm.com/images/catalog/product/A/AP/APPROYAL-DESIGNMR-T178778C68573F9/1562765619767_0..jpg?imwidth=282&impolicy=hq
364,https://assetscdn1.paytm.com/images/catalog/product/A/AP/APPRG-DESIGNERSRAJ-148911D6F0FE24/1562996638625_0..jpg?imwidth=282&impolicy=hq
365,https://assetscdn1.paytm.com/images/catalog/product/A/AP/APPROYAL-KURTA-MR-T178778B906C1C0/1562761287816_0..jpg?imwidth=282&impolicy=hq
366,https://assetscdn1.paytm.com/images/catalog/product/A/AP/APPROYAL-DESIGNMR-T178778B9513F7D/1562765582303_0..jpg?imwidth=282&impolicy=hq
367,https://assetscdn1.paytm.com/images/catalog/product/A/AP/APPROYAL-MEN-S-MEHT370616EB32AD2/1562760868573_0..jpg?imwidth=282&impolicy=hq
368,https://assetscdn1.paytm.com/images/catalog/product/A/AP/APPMEN-S-LUXURYMR-T178778C9EB409/1562766877747_0..jpg?imwidth=282&impolicy=hq
369,https://assetscdn1.paytm.com/images/catalog/product/A/AP/APPMEN-S-LUXURYMR-T17877840A2A3C8/1562766993391_0..jpg?imwidth=282&impolicy=hq
370,https://assetscdn1.paytm.com/images/catalog/product/A/AP/APPROYAL-MENS-DMEHT37061394E447B/1562760955777_0..jpg?imwidth=282&impolicy=hq
371,https://assetscdn1.paytm.com/images/catalog/product/A/AP/APPROYAL-MENS-DMEHT3706167562466/1562760974711_0..jpg?imwidth=282&impolicy=hq
372,https://assetscdn1.paytm.com/images/catalog/product/A/AP/APPROYAL-DESIGNMR-T17877865DB55EA/1562765585076_0..jpg?imwidth=282&impolicy=hq
373,https://assetscdn1.paytm.com/images/catalog/product/A/AP/APPMEN-S-LUXURYMR-T178778FD7C6E77/1562766866577_0..jpg?imwidth=282&impolicy=hq
374,https://assetscdn1.paytm.com/images/catalog/product/A/AP/APPROYAL-KURTA-MEHT37061816200C5/1562804160140_1..jpg?imwidth=282&impolicy=hq
375,https://assetscdn1.paytm.com/images/catalog/product/A/AP/APPMEN-S-LUXURYMR-T178778CA41B17/1562766899235_0..jpg?imwidth=282&impolicy=hq
376,https://assetscdn1.paytm.com/images/catalog/product/A/AP/APPROYAL-MEN-S-MR-T178778E961FD91/1562763132177_0..jpg?imwidth=282&impolicy=hq
377,https://assetscdn1.paytm.com/images/catalog/product/A/AP/APPMEN-S-LUXURYMR-T178778E942648E/1562767009425_0..jpg?imwidth=282&impolicy=hq
378,https://assetscdn1.paytm.com/images/catalog/product/A/AP/APPROYAL-DESIGNMR-T178778C213E4E0/1562765601391_0..jpg?imwidth=282&impolicy=hq
379,https://assetscdn1.paytm.com/images/catalog/product/A/AP/APPROYAL-MEN-S-MR-T17877849905E29/1562771897054_0..jpg?imwidth=282&impolicy=hq
380,https://assetscdn1.paytm.com/images/catalog/product/A/AP/APPMEN-S-LUXURYMR-T178778283A3636/1562767129450_0..jpg?imwidth=282&impolicy=hq
381,https://assetscdn1.paytm.com/images/catalog/product/A/AP/APPROYAL-KURTA-MR-T178778F8DCAF5E/1562804658317_1..jpg?imwidth=282&impolicy=hq
382,https://assetscdn1.paytm.com/images/catalog/product/A/AP/APPMEN-S-DESIGNMR-T17877843D5FC2/1562766897362_0..jpg?imwidth=282&impolicy=hq
383,https://assetscdn1.paytm.com/images/catalog/product/A/AP/APPROYAL-KURTA-MR-T17877894D6432/1562761279202_0..jpg?imwidth=282&impolicy=hq
384,https://assetscdn1.paytm.com/images/catalog/product/A/AP/APPMEN-S-LUXURYMR-T17877858A1CFD0/1562766875730_0..jpg?imwidth=282&impolicy=hq
385,https://assetscdn1.paytm.com/images/catalog/product/A/AP/APPROYAL-KURTA-MEHT370612AF7BF80/1562916258333_0..jpg?imwidth=282&impolicy=hq
386,https://assetscdn1.paytm.com/images/catalog/product/A/AP/APPROYAL-DESIGNMR-T17877876B27413/1562767496559_0..jpg?imwidth=282&impolicy=hq
387,https://assetscdn1.paytm.com/images/catalog/product/A/AP/APPROYAL-KURTA-MEHT37061FA3405D/1562916338909_0..jpg?imwidth=282&impolicy=hq
388,https://assetscdn1.paytm.com/images/catalog/product/A/AP/APPROYAL-MEN-S-MEHT37061DBC1E0E/1562785216516_1..jpg?imwidth=282&impolicy=hq
389,https://assetscdn1.paytm.com/images/catalog/product/A/AP/APPROYAL-KURTA-MEHT370619EC8D537/1562916655135_0..jpg?imwidth=282&impolicy=hq
390,https://assetscdn1.paytm.com/images/catalog/product/A/AP/APPROYAL-MEN-S-MEHT3706174A7FDAA/1562760978808_0..jpg?imwidth=282&impolicy=hq
391,https://assetscdn1.paytm.com/images/catalog/product/A/AP/APPROYAL-KURTA-MEHT37061FE8D0997/1562916293444_0..jpg?imwidth=282&impolicy=hq
392,https://assetscdn1.paytm.com/images/catalog/product/A/AP/APPROYAL-MEN-S-MEHT37061B49A6D10/1562760824038_0..jpg?imwidth=282&impolicy=hq
393,https://assetscdn1.paytm.com/images/catalog/product/A/AP/APPROYAL-KURTA-MEHT37061A5A44761/1562916527255_0..jpg?imwidth=282&impolicy=hq
394,https://assetscdn1.paytm.com/images/catalog/product/A/AP/APPROYAL-MEN-S-MEHT3706111F6DD58/1562760781369_0..jpg?imwidth=282&impolicy=hq
395,https://assetscdn1.paytm.com/images/catalog/product/A/AP/APPROYAL-MEN-S-MEHT37061C6111168/1562768049349_2..jpg?imwidth=282&impolicy=hq
396,https://assetscdn1.paytm.com/images/catalog/product/A/AP/APPROYAL-DESIGNMEHT370616D73AC73/1562763833383_0..jpg?imwidth=282&impolicy=hq
397,https://assetscdn1.paytm.com/images/catalog/product/A/AP/APPROYAL-DESIGNMEHT37061E9645517/1562763678060_0..jpg?imwidth=282&impolicy=hq
398,https://assetscdn1.paytm.com/images/catalog/product/A/AP/APPROYAL-MEN-S-MEHT370619AC45B2C/1562760821714_0..jpg?imwidth=282&impolicy=hq
399,https://assetscdn1.paytm.com/images/catalog/product/A/AP/APPROYAL-MEN-S-MEHT3706110DF78DE/1562760922548_0..jpg?imwidth=282&impolicy=hq
400,https://assetscdn1.paytm.com/images/catalog/product/A/AP/APPMEN-S-DESIGNMR-T178778F38F88EC/1562766990522_0..jpg?imwidth=282&impolicy=hq
401,https://assetscdn1.paytm.com/images/catalog/product/A/AP/APPROYAL-MEN-S-MEHT37061DBB1924A/1562767949478_2..jpg?imwidth=282&impolicy=hq
402,https://assetscdn1.paytm.com/images/catalog/product/A/AP/APPMEN-S-LUXURYMR-T1787782CF55C54/1562767027465_0..jpg?imwidth=282&impolicy=hq
403,https://assetscdn1.paytm.com/images/catalog/product/A/AP/APPROYAL-MEN-S-MR-T178778F138505D/1562771868109_0..jpg?imwidth=282&impolicy=hq
404,https://assetscdn1.paytm.com/images/catalog/product/A/AP/APPROYAL-KURTA-MR-T178778F5E40A30/1562804704135_1..jpg?imwidth=282&impolicy=hq
405,https://assetscdn1.paytm.com/images/catalog/product/A/AP/APPROYAL-DESIGNMR-T178778D0E2E65F/1562767498515_0..jpg?imwidth=282&impolicy=hq
406,https://assetscdn1.paytm.com/images/catalog/product/A/AP/APPROYAL-MEN-S-MR-T1787784DDEC243/1562771762679_0..jpg?imwidth=282&impolicy=hq
407,https://assetscdn1.paytm.com/images/catalog/product/A/AP/APPROYAL-DESIGNMR-T17877848D54020/1562765555383_0..jpg?imwidth=282&impolicy=hq
408,https://assetscdn1.paytm.com/images/catalog/product/A/AP/APPROYAL-MEN-S-MEHT370619E7CD4D0/1562768049378_2..jpg?imwidth=282&impolicy=hq
409,https://assetscdn1.paytm.com/images/catalog/product/A/AP/APPROYAL-MEN-S-MEHT370619DDFF49A/1562767968597_2..jpg?imwidth=282&impolicy=hq
410,https://assetscdn1.paytm.com/images/catalog/product/A/AP/APPMEN-S-LUXURYMR-T1787785F119771/1562766908624_0..jpg?imwidth=282&impolicy=hq
411,https://assetscdn1.paytm.com/images/catalog/product/A/AP/APPROYAL-KURTA-MEHT3706190E71563/1562916730423_0..jpg?imwidth=282&impolicy=hq
412,https://assetscdn1.paytm.com/images/catalog/product/A/AP/APPROYAL-KURTA-MEHT37061F5AD38A9/1562804457549_1..jpg?imwidth=282&impolicy=hq
413,https://assetscdn1.paytm.com/images/catalog/product/A/AP/APPROYAL-KURTA-MEHT3706118BFE06C/1562804461990_1..jpg?imwidth=282&impolicy=hq
414,https://assetscdn1.paytm.com/images/catalog/product/A/AP/APPROYAL-KURTA-MEHT370619E419FDB/1562916795689_0..jpg?imwidth=282&impolicy=hq
415,https://assetscdn1.paytm.com/images/catalog/product/A/AP/APPROYAL-DESIGNMEHT370617637B8BE/1562763620517_0..jpg?imwidth=282&impolicy=hq
416,https://assetscdn1.paytm.com/images/catalog/product/A/AP/APPROYAL-KURTA-MEHT3706190E71563/1562916730423_0..jpg?imwidth=282&impolicy=hq
417,https://assetscdn1.paytm.com/images/catalog/product/A/AP/APPLARWA-BLACK-VINP242471FAA6703/1562747978963_0.JPG?imwidth=282&impolicy=hq
418,https://assetscdn1.paytm.com/images/catalog/product/A/AP/APPRG-DESIGNERSRAJ-148911BA4E6BB4/1562774407532_0..jpg?imwidth=282&impolicy=hq
419,https://assetscdn1.paytm.com/images/catalog/product/A/AP/APPSTATUS-QUO-MSETU201043EBD6BCFE/1563000726323_0..jpg?imwidth=282&impolicy=hq
420,https://assetscdn1.paytm.com/images/catalog/product/A/AP/APPNEWLADIESZONNEW-3112566B5DB0/1562751701363_0.jpg?imwidth=282&impolicy=hq
421,https://assetscdn1.paytm.com/images/catalog/product/A/AP/APPMEN-S-LUXURYMR-T178778B8F7F456/1562766930645_0..jpg?imwidth=282&impolicy=hq
422,https://assetscdn1.paytm.com/images/catalog/product/A/AP/APPRG-DESIGNERSRAJ-1489117FF481A9/1563090997257_0..jpg?imwidth=282&impolicy=hq
423,https://assetscdn1.paytm.com/images/catalog/product/A/AP/APPMEN-S-LUXURYMR-T178778503C4321/1562766849708_0..jpg?imwidth=282&impolicy=hq
424,https://assetscdn1.paytm.com/images/catalog/product/A/AP/APPROYAL-MEN-S-MR-T178778E5245E14/1562763129640_0..jpg?imwidth=282&impolicy=hq
425,https://assetscdn1.paytm.com/images/catalog/product/A/AP/APPROYAL-MEN-S-MR-T1787784494FA3E/1562771766590_0..jpg?imwidth=282&impolicy=hq
426,https://assetscdn1.paytm.com/images/catalog/product/A/AP/APPMEN-S-DESIGNMR-T17877862DCA2D1/1562766887644_0..jpg?imwidth=282&impolicy=hq
427,https://assetscdn1.paytm.com/images/catalog/product/A/AP/APPMEN-S-LUXURYMR-T178778764422D8/1562767071698_0..jpg?imwidth=282&impolicy=hq
428,https://assetscdn1.paytm.com/images/catalog/product/A/AP/APPROYAL-MENS-DMEHT370612E2A4732/1562760953841_0..jpg?imwidth=282&impolicy=hq
429,https://assetscdn1.paytm.com/images/catalog/product/A/AP/APPMEN-S-LUXURYMR-T1787784DE28FA/1562766973645_0..jpg?imwidth=282&impolicy=hq
430,https://assetscdn1.paytm.com/images/catalog/product/A/AP/APPROYAL-MENS-DMEHT370617815A309/1562761061064_0..jpg?imwidth=282&impolicy=hq
431,https://assetscdn1.paytm.com/images/catalog/product/A/AP/APPMEN-S-LUXURYMR-T1787783218AEB9/1562766850807_0..jpg?imwidth=282&impolicy=hq
432,https://assetscdn1.paytm.com/images/catalog/product/A/AP/APPMEN-S-LUXURYMR-T1787789A3C63AE/1562767103186_0..jpg?imwidth=282&impolicy=hq
433,https://assetscdn1.paytm.com/images/catalog/product/A/AP/APPROYAL-MEN-S-MEHT37061BAFE6AAA/1562760901710_0..jpg?imwidth=282&impolicy=hq
434,https://assetscdn1.paytm.com/images/catalog/product/A/AP/APPROYAL-MEN-S-MR-T178778BD273901/1562763221159_0..jpg?imwidth=282&impolicy=hq
435,https://assetscdn1.paytm.com/images/catalog/product/A/AP/APPROYAL-KURTA-MEHT37061CF26D8D1/1562916517333_0..jpg?imwidth=282&impolicy=hq
436,https://assetscdn1.paytm.com/images/catalog/product/A/AP/APPROYAL-MEN-S-MR-T178778F636B5EB/1562767381317_0..jpg?imwidth=282&impolicy=hq
437,https://assetscdn1.paytm.com/images/catalog/product/A/AP/APPROYAL-MEN-S-MR-T178778E15D96B2/1562774332657_0..jpg?imwidth=282&impolicy=hq
438,https://assetscdn1.paytm.com/images/catalog/product/A/AP/APPROYAL-MEN-S-MEHT3706144BCE545/1562767250408_0..jpg?imwidth=282&impolicy=hq
439,https://assetscdn1.paytm.com/images/catalog/product/A/AP/APPROYAL-DESIGNMR-T1787784832D651/1562765600109_0..jpg?imwidth=282&impolicy=hq
440,https://assetscdn1.paytm.com/images/catalog/product/A/AP/APPMEN-S-LUXURYMR-T178778E495EE97/1562767012298_0..jpg?imwidth=282&impolicy=hq
441,https://assetscdn1.paytm.com/images/catalog/product/A/AP/APPMEN-S-LUXURYMR-T178778D0C3839A/1562766935601_0..jpg?imwidth=282&impolicy=hq
442,https://assetscdn1.paytm.com/images/catalog/product/A/AP/APPROYAL-MENS-DMEHT37061D04792F7/1562761019390_0..jpg?imwidth=282&impolicy=hq
443,https://assetscdn1.paytm.com/images/catalog/product/A/AP/APPROYAL-MEN-S-MEHT370616379FE92/1562767250349_0..jpg?imwidth=282&impolicy=hq
444,https://assetscdn1.paytm.com/images/catalog/product/A/AP/APPROYAL-MEN-S-MR-T178778333A4568/1562771783187_0..jpg?imwidth=282&impolicy=hq
445,https://assetscdn1.paytm.com/images/catalog/product/A/AP/APPMEN-S-DESIGNMR-T17877830E07AC8/1562767080222_0..jpg?imwidth=282&impolicy=hq
446,https://assetscdn1.paytm.com/images/catalog/product/A/AP/APPROYAL-DESIGNMR-T178778D28F7051/1562767493175_0..jpg?imwidth=282&impolicy=hq
447,https://assetscdn1.paytm.com/images/catalog/product/A/AP/APPROYAL-MENS-DMEHT370614569EC90/1562760862223_0..jpg?imwidth=282&impolicy=hq
448,https://assetscdn1.paytm.com/images/catalog/product/A/AP/APPNEWLADIESZONNEW-311258114F952/1562751638058_0.jpg?imwidth=282&impolicy=hq
449,https://assetscdn1.paytm.com/images/catalog/product/A/AP/APPROYAL-MEN-S-MEHT370616B87BED2/1562767337443_0..jpg?imwidth=282&impolicy=hq
450,https://assetscdn1.paytm.com/images/catalog/product/A/AP/APPROYAL-MEN-S-MEHT3706134886AE6/1562767225987_0..jpg?imwidth=282&impolicy=hq
451,https://assetscdn1.paytm.com/images/catalog/product/A/AP/APPROYAL-MEN-S-MR-T17877860A8D606/1562767425244_0..jpg?imwidth=282&impolicy=hq
452,https://assetscdn1.paytm.com/images/catalog/product/A/AP/APPROYAL-MEN-S-MEHT37061BD3858B2/1562767312047_0..jpg?imwidth=282&impolicy=hq
453,https://assetscdn1.paytm.com/images/catalog/product/A/AP/APPROYAL-MEN-S-MR-T1787789869037F/1562767379077_0..jpg?imwidth=282&impolicy=hq
